Designator,Mid X,Mid Y,Rotation,Layer
J1,85.412851,-47.668451,270.0,top
J2,121.4628,-51.681651,270.0,top
J3,121.4628,-68.826651,270.0,top
J4,113.4618,-52.951651,0.0,top
J5,113.4618,-71.620651,0.0,top
R1,93.337651,-49.395651,270.0,top
R2,108.3056,-73.551051,180.0,top
R3,93.337651,-74.795651,270.0,top
U1,100.678251,-53.205651,0.0,top
U2,108.3818,-66.9798,180.0,top
U3,65.143651,-58.285651,0.0,top
U4,100.678251,-78.605651,0.0,top
