Designator,Mid X,Mid Y,Rotation,Layer
J1,78.6,-47.975,270.0,top
J2,113.175,-54.11,0.0,top
J3,113.175,-73.845,0.0,top
J4,121.5,-54.14,270.0,top
J5,121.5,-73.92,270.0,top
R1,94.998,-79.55,270.0,top
R2,94.996,-54.475651,270.0,top
R3,103.2256,-73.551051,180.0,top
U1,76.085,-67.18,0.0,top
U2,104.62,-66.065,180.0,top
U3,104.58,-80.0,0.0,top
U4,104.58,-53.435,0.0,top
